title,job_type,location
Senior Data Analyst,Full Time,Lagos
Operations Data Analyst (Cement),Full Time,Lagos
Data Engineering Manager,Full Time,Lagos
Data Engineer,Full Time,Nigeria
Data Analyst (MIS),Full Time,Ogun
Senior Data Analyst - Nigeria,Full Time,Remote
Data Collection and Data Entry Specialist,,Remote
Data Scientist.Enterprise Business NG,,Lagos
Data Science Tutor/Instructor,,Lagos
Business Analyst,,Remote
Senior Data Analyst,,Remote
Operations Data Analyst (Cement),,Lagos
Data Scientist,,Abuja
Data Analyst (MIS),,Nigeria
Data Scientist.Enterprise Business NG,,Lagos
Data Governance Lead,,Lagos
Financial Data Analyst,,Lagos
Data Analyst,,Nigeria
Glovo Analyst Program - Nigeria,,Lagos
Data Analyst,,Lagos
AFRICA Partner Cloud Solution Architect (Azure Data & AI),,Lagos
Data Engineer,,Lagos
Data Analyst,,Port Harcourt & Rivers State
SAP Consultant ( Data Migration),,Abuja
Growth Data Analyst,,Lagos
"Data Scientist, Marketing and Growth",,Lagos
Analyst - Bid.Enterprise Business NG,,Lagos
Analyst - Bid.Enterprise Business NG,,Lagos
Database Administrator,,Lagos
Data Assessor(s),,Nigeria
SAP Functional Support Analyst - Finance,,Lagos
Data Analyst,,Remote
"Manager, People Data Management",,Remote
"Process, Data & Analytics, Manager",,Remote
Analyst - Revenue Assurance Interconnect.Finance,,Lagos
Database Administrator,,Lagos
Analyst - Revenue Assurance Interconnect.Finance,,Nigeria
Manager - Data Analytics and CCM.Internal Audit And Forensics,,Nigeria
Data Analyst,,Lagos
Data Controller,,Port Harcourt & Rivers State
Data Engineer â VerifyMe Nigeria,,Lagos
Data Analyst,,
Human Resources Data Analyst,,
Data Analyst,,
Operations Data,,
Data Analyst,,
Data Analyst,,
Data Analyst,,
Data Analyst,,Nigeria
Data Analyst,,
Data Analyst,,
Data Analyst,,
Data Analyst,,
Data Analyst,,
Data Analyst,,
Data Analyst,,
Data Analyst,,
Data Analyst,,
Senior Data,,Ogun
Data Analyst,,
Database Administrator II,Contract,
Client Database Manager,Contract,
Data Entry Specialist,Permanent,
Data analyst,Freelance,
Data Analyst,Freelance,
Data analyst,Permanent,
Data analyst,Permanent,
Data analyst,Permanent,
Data analyst,Permanent,Remote
Data analyst,Permanent,
DATA ENRTY CLERK,Permanent,
Data Analytic Teacher,Permanent,
Data analyst,Remote,
Data analyst,Remote,
Data analyst,Remote,
Financial Analysts,Remote,
Data analyst,Remote,
Data analyst,Remote,
Data analyst,Remote,Remote
Data analyst,Remote,
Data analyst,Remote,
Business Analyst (Financial sector),Permanent,
Data Analyst & Business Intelligence,Freelance,
Data Analyst - Growth,Freelance,
Business and Data Analyst,Freelance,
Analyst Consultant,Permanent,
Data analyst,Freelance,
Data Entry Officer,Freelance,
IT Business Analyst,Permanent,Lagos
Graduate Intern (Research and / or Data Management),Full Time,Abuja
Principal Programme Officer Statistical Harmonization and Data Management,Full Time,Abuja
Senior HR Assistant Data Management,Full Time,Abuja
Programme Officer Data Management,Full Time,Abuja
Data Analyst,Full Time,Abuja
"Unit Head, Data Monetization - Nigeria",Full Time,Lagos
"Senior Analyst, Data Architecture - Nigeria",Full Time Hybrid,Lagos
Data Analyst & Sales Operations Officer,Full Time,Lagos
Data Analytics & Data Science Instructor,Full Time,Lagos
"Team Lead, Data Centre Operations",Full Time,Lagos
Network/Data Centre Engineer - Dispatch,Full Time,Remote
Senior Data Scientist,Remote,Remote
Salesforce Data Entry Returnee - Global,Remote,Lagos
"Team Lead, Data Centre Operations",Full Time,Abuja
AWS Cloud Data Engineer,Full Time Remote,Nigeria
Data Scientist,Full Time,Lagos
Data Collector and Enumerator,Full Time,Lagos
Data Science for Creatives,Full Time Remote,Lagos
Data Analyst,Full Time,Nigeria
Head Data Commercialization,Full Time,Remote
Enumerator / Data Collection Personnel,Contract,Nigeria
"Data Analyst, Schools",Full Time,Lagos
Data Dashboard Developer,Full Time,Abuja
Data Dashboard Developer,Full Time,Lagos
Data Analyst,Contract,Abuja
Data Specialist,Full Time,Abia
Data Analyst,Full Time,Lagos
Data Analyst/Scientist,Full Time,Abuja
"Branch Chief, Monitoring, Evaluation & Data Analytics",Full Time,Lagos
Data Analyst,Full Time,Remote
Tutor- Data science,Full Time,Benue
Receivable Data Entry Officer,Full Time,Lagos
Data Engineer - Big Data,Full Time Remote,Lagos
Data Analyst,Full Time,
Senior Data Base Administrator,Full Time,Lagos
Data Sales Consultant,Full Time,Kogi
Data Analyst,Full Time,
Data Sales Consultant,Full Time,Lagos
Python Data Scientist,Full Time,Abuja
Data Operator,Full Time,Lagos
Investment Data Analyst,Full Time,Lagos
Data Collectors/Supervisors- Lead Mothers Quantitative Study,Full Time,Kano
Master and Reference Data Analyst,Full Time,Lagos
Data Governance Team Lead,Full Time,Lagos
Data Quality Team Member,Full Time,Lagos
"Senior Data Engineer - Global, Remote",Full Time Remote,Lagos
Data Sales Consultant,Full Time,Lagos
Data Analyst,Full Time,
Data Science Specialist,Full Time,Plateau
Production Data Entry Officer,Full Time,Abuja
Inventory Data Entry Officer,Full Time,Lagos
Senior Data Analyst,Full Time,Lagos
Data Analytics and Visualization Program Associate,Full Time,Abuja
Data Analyst,Full Time,Lagos
Generative AI and Data Science Internship Program,Full Time Remote,Abia
Financial Data Analyst,Full Time Remote,Lagos
"Nutrition Officer (Data, Analytics and Evidence)",Full Time,Sokoto
Data Analyst Instructor,Full Time,Lagos
Data Analysis Resource Person,Full Time,Oyo
Data Analyst,Full Time,Nigeria
Data Entry Assistant,Full Time,Edo
Technical Officer - Data Visualization,Full Time,Abuja
Senior Pre-Sales Engineer (Data Centre Solutions & BMS),Full Time,Lagos
Data Entry Specialist,Full Time,Ondo
Data Ops Manager,Full Time,Lagos
Data Analyst,Full Time,Lagos
"Head, Data Governance",Full Time,Lagos
 Data Entry Clerk (3rd 95 Lead) ,Full Time,Edo
Data Entry Clerk (Generic),Full Time,Edo
Data Processing Officer II,Full Time,Lagos
Data Engineer,Full Time,Lagos
Data Insight Analyst,Remote,Lagos
Data Engineering Manager,Full Time,Lagos
Data Analyst,Full Time,Lagos
Data Analyst,Full Time,Lagos
Data Entry Clerk,Contract Full Time,Taraba
Data Integrity and Reconciliation Manager,Full Time,Lagos
HR Data Analyst,Full Time,Lagos
"Data Analyst (Python, SQL",Full Time Remote,Lagos
Data-Business Analyst,Full Time,Lagos
Data Center Director,Full Time,Lagos
Data Analyst,Full Time,Lagos
Senior Data Analyst,Full Time,Lagos
Data Quality and Capture Officer,Full Time,Abuja
Data Visualisation Officer,Full Time,Abuja
CNC Programmer and Data Operator,Full Time,Lagos
Data Engineer,Full Time,Lagos
Contract Data Cabling Technician,Full Time,Abuja
Data Processing Teacher,Full Time,Rivers
Business Analyst,Full Time,Lagos
"Team Lead, Data Centre Operations",Full Time,Lagos
Data Analyst (Team Lead),Full Time,Lagos
Head of Data Science,Full Time,Lagos
Data Entry Specialist,Full Time,Ondo
Senior Pre-Sales Engineer (Data Centre Solutions & BMS),Full Time,Lagos
Data Analyst,Full Time,Lagos
Data Collector,Full Time,Lagos
Data Scientist,Full Time,Lagos
Operations Data Analyst (Cement),Full Time,Ogun
Data Center Engineer,Full Time,Nigeria
Data Engineering Manager,Full Time,Lagos
Data Analyst,Remote,Lagos
Data Engineer,Full Time,Lagos
Data Collection Officer,Full Time,Lagos
Data Analyst,Full Time,Lagos
Data Engineer,Remote,Lagos
Growth Data Analyst,Full Time,Lagos
"Data Scientist, Marketing and Growth",Full Time,Lagos
Data Analyst (MIS),Full Time,Ogun
Data Scientist,Full Time,Lagos
Computer / Data Processing Teacher ,Full Time,Lagos
Data Entry Assistant,Contract,Lagos
Data science Tutor,Full Time,Lagos
Data Analyst,Full Time,Port Harcourt & Rivers State
"Data Asset Privacy, Consent and Compliance",Full Time,Abuja
Data Governance Lead,Full Time,Lagos
Volunteer Data Analyst,Full Time,Lagos
Data Analyst,Full Time Remote,Lagos
Data Scientist,Full Time,Lagos
Data Analyst,Full Time,Lagos
"Data Analytics and Data Science Tutor - NYSC Member, PPA",Full Time,Abuja
Junior HR Data-Analyst (Female),Full Time,Lagos
Sales Team Lead (Data Analytics),Full Time,Lagos
Data Engineer,Remote,Lagos
Data Entry Officer,Full Time,Abuja
Data Analytics and Visualization Instructor,Contract,Abuja
Data Science and Machine Learning Instructor,Contract,Abuja
Python Data Scientist,Full Time,Abuja
Data and Management Information System Manager,Full Time,Lagos
Data Entry Clerk,Full Time,Lagos
Data Administrator,Full Time,Rivers
Data Engineer,Full Time,Abia
Data Engineer,Full Time,Lagos
"National Research, Data and Policy Officer",Full Time,Abuja
Data Science Tutor,Full Time,Nigeria
HR Data Analyst,Full Time,Lagos
Data Center Planning and Design Manager,Full Time,Lagos
Data Analyst I,Full Time,Lagos
Data Entry Officer II,Full Time,Lagos
Data Intern,Contract,Lagos
Africa Partner Cloud Solution Architect (Azure Data & AI),Full Time,Lagos
Senior Data Analyst - Nigeria,Full Time Remote,Abia
Contract Data Cabling Technician,Full Time,Abuja
Senior Portfolio and Data Analytics Officer,Full Time,
Data Science Intern,Full Time,Lagos
Head of Data Science,Full Time,Lagos
Data Entry Specialist,Full Time,Ondo
Data Scientist,Full Time,Lagos
Data Analyst Activity Manager,Full Time,Kano
Big Data Developer,Full Time,Port Harcourt & Rivers State
Data Analyst,Full Time,Lagos
Data Entry Accountant,Full Time,Lagos
"Director, Research and Data Analysis",Full Time Remote,Lagos
Data Analyst,Full Time,Lagos
Data Engineer,Full Time,Lagos
Finance and Data Intern,Full Time,Lagos
Data Mining Officer,Full Time,
Higher Data Processing Officer,Full Time,Lagos
SMC End of Round Data Collectors’ LGA Supervisor - Taraba,Full Time,Taraba
SMC End of Round Data Collectors' LGA Supervisor - Katsina,Full Time,Abuja
Data Entry Officer,Full Time,Lagos
Data Capturer,Full Time,Lagos
Data Centre Support,Full Time,Lagos
Data Entry Clerk,Full Time,Lagos
Data Analyst,Full Time,Edo
IT & Data Privacy Compliance Auditor,Full Time,Lagos
Data Officer,Contract,Lagos
Data Analyst,Full Time,Delta
Data Center Facility Engineer,Full Time,Lagos
Data Analyst - Intern,Full Time,Lagos
Data Engineering Lead Trainer,Remote,
Data Centre Technician,Full Time,Lagos
Senior Data Scientist/Prompt Designer/Prompt Engineer,Remote,Abuja
"Supervisor, Medical Data Entry",Full Time,Ebonyi
"Analyst, Data Privacy",Full Time,Lagos
Technical Data Management Analyst,Full Time,Lagos
Growth Data Analyst,Full Time,Lagos
Data Entry Officer,Full Time,Lagos
Data Warehousing AWS- (Trainer),Part Time Remote,Lagos
Data Analyst,Full Time,Lagos
Evaluation / Data Specialist - Election Portfolio Performance Evaluation,Full Time,Abuja
Data Engineer,Full Time,Lagos
"Course Creator (Data Analysis, Data Science, and Data Engineering)",Full Time,
Data Protection Officer,Full Time,Abuja
CVM (Customer Value Management) Data & Reporting Analyst,Full Time,Lagos
Senior Business Data Analyst,Full Time,Abuja
Lead Data Officer,Full Time,Lagos
Data Scientist,Full Time,Lagos
Analyst - Data Governance,Full Time,Lagos
Programme Officer Migration Data (FMM II),Full Time,Lagos
Data Analyst – Nigeria IHP,Full Time,Ebonyi
Data Analysis Instructor,Full Time,Oyo
Data Analyst,Full Time,Lagos
Data Engineer,Full Time,Abia
Data Officer,Contract,Lagos
Warehouse Data Officer,Full Time,Borno
Data Assessor(s),Full Time,Akwa Ibom
Data Entry Officer,Contract,Lagos
Data Collector: SMC Impact Assessment,Full Time,"Abuja , Kogi , Oyo"
"Head, Data Governance & Advisory",Full Time,Lagos
Data Collector,Full Time,Lagos
Business & Data Analyst,Full Time,Oyo
CCIE Data Center Solution Architect,Full Time,Lagos
Data Scientist,Full Time,Lagos
Data Analyst,Full Time,Lagos
Data Specialist,Full Time,Abia
Data Entry & Procurement Officer,Full Time,Lagos
Data Science and Artificial Intelligence Innovations Lead,Full Time,Lagos
Data Analyst,Full Time,Lagos
Data Engineer,Full Time Remote,Lagos
Data Entry Intern,Full Time,Nigeria
"Senior Program Specialist, Data Analysis & Visualization",Full Time,Lagos
"Data Analyst, Nigeria Monitoring Project-",Full Time,Remote
Lead / Head Data Governance,Full Time,Remote
Chief Data Officer,Full Time,Remote
Data Entry Officer,Full Time,Lagos
Data Center Business Development,Full Time,Lagos
Senior Data Engineer,Full Time Remote,Nigeria
Python Data Scientist,Full Time,Nigeria
Data Analysts,Full Time,Nigeria
Senior Data Scientist,Contract,Lagos
Data Entry Clerks,Full Time,"Abuja , Oyo"
Data/System Analyst(s),Full Time,
Senior Data Officer,Full Time,Abia
Graduate Trainee Data Scientist,Full Time,Lagos
Data Processing Teacher,Full Time,Oyo
Data Processing Officer,Full Time,Plateau
Regional Data Analyst,Full Time,Nigeria
Data Analyst,Full Time,Abia
Regional Business Data Analyst,Full Time,Lagos
Data Analyst,Full Time,Lagos
Junior Data Quality Scientist,Full Time,Lagos
"Manager, Process, Data & Analytics",Full Time Remote,Abia
"Manager, People Data Management",Full Time Remote,Abia
Data Analyst,Full Time,Lagos
Data Scientist,Full Time,Lagos
Data Analyst (Remote),Remote,Other
Data Science Tutor,Full Time,"Abuja , Benue , Delta"
Data Entry Analyst,Full Time,Lagos
EHS Specialist - Environmental Data Analyst,Full Time,Remote
Data Analyst,Full Time,Lagos
Data Entry Analyst,Full Time,Lagos
EHS Specialist - Environmental Data Analyst,Full Time,Rivers
Data Analyst,Full Time,Lagos
Digital Marketing & Data Analysis Assistant,Full Time,Ogun
Data Analyst Officer,Full Time,Lagos
Senior Big Data Engineer,Full Time,Lagos
Volunteer Data Analyst,Full Time,Delta
Data Analyst - NYSC Intern,Full Time,Lagos
Data Entry Clark,Full Time,Remote
Data Analyst,Full Time,Oyo
Data Protection Officer (DPO),Full Time,Abuja
Sales Data Analyst,Full Time,Lagos
Distribution and Data Officer,Full Time,Lagos
Data Analyst,Full Time,Lagos
Data Analyst,Remote,
Data Analyst – FCT,Full Time,Abuja
Data Analyst,Full Time,Lagos
Data Analyst – Nigeria IHP,Full Time,Ebonyi
Supervisor - Medical Data Entry,Full Time,Remote
Senior Data Modeler,Full Time Remote,Lagos
Group Financial Planning and Analysis Manager - Data Analytics Competence,Full Time,Lagos
Data Scientist,Full Time,Lagos
Data Assistant,Full Time,Lagos
Computer/Data Processing Teacher,Full Time,Abia
Data Analyst,Full Time,Lagos
Data Processing / Computer Teacher,Full Time,Kwara
Data Administrator,Contract,Lagos
Computer / Data Processing Teacher,Full Time,Ondo
Python Data Scientist,Full Time,Lagos
Accounting Data Entry Officer,Full Time,Lagos
Data Engineer,Full Time,Lagos
Consultancy to conduct Data Quality Assurance (DQA),Contract,"Adamawa , Borno , Yobe"
Data Engineer-Talent Pipeline,Full Time Remote,Lagos
Data Engineer - AWS (Trainer),Full Time Remote,Lagos
Engineer - Data Centre,Full Time,Lagos
Data Collection Supervisor,Full Time,Nigeria
Business and Data Analyst,Full Time,Lagos
Data Analytics & AI Facilitator,Part Time,Lagos
"Practice Lead, Cloud & Data Analytics",Full Time,Lagos
Junior Data Analyst,Full Time,Lagos
Data Analyst,Full Time,Lagos
Data Analyst,Full Time,Abuja
Senior Data Scientist,Full Time,Lagos
Data Engineer,Full Time,Lagos
"Principal Advisor, Data Use and Decision Science",Full Time Remote,Abia
"LTE Program Officer – Data, Analytics, Measurement, Learning & Evaluation",Full Time,Abuja
Data Entry Operator - Malaria / Nutrition Peak - Bauchi,Full Time,Bauchi
Data Entry Officer,Full Time,Lagos
"Head, Performance & Data Management",Contract,Nigeria
"Head, Performance & Data Management",Full Time,Lagos
Logistics Transport Maintainance Data Analyst Services,Contract,Rivers
Data Analyst,Full Time,Ogun
Data Entry Clerk,Full Time,Lagos
Data Collector,Full Time,"Bauchi , Sokoto"
Human Resources Data Analyst,Full Time,Kogi
Head of Data Science,Full Time,Lagos
Business Analyst,Full Time,Lagos
Data Analysts,Full Time,Ogun
Document and Data Management,Full Time,Nigeria
Data Collector,Full Time,Oyo
Data Entry Officer / Uploader,Full Time,Lagos
Data Protection & Privacy Officer,Full Time,Lagos
Data Officer,Full Time,Lagos
Data Entry Operator,Full Time,Lagos
ML/AI Data Scientist,Full Time,Lagos
Strategic Information Associate – Data Analysis,Full Time,Osun
Strategic Information Associate – Data Analysis,,
Data Engineer,Full Time,Abuja
Gender Data Assistant,Full Time,Lagos
Data Analyst,Full Time,Port Harcourt & Rivers State
"Senior Data Analyst (Credit Risk, Bank)",Full Time,Lagos
Warehouse Data Entry Officer,Full Time,
Data Centre Technician,Full Time,
"Team Lead, Data Analytics",Full Time,
Business Development Manager (Data Centers),Full Time,
Laser Scan Data Process Engineer,Full Time,
Data Analyst,Full Time,
"Data Officer, Programme Evaluation and Assessment, Research and Learning (PEARL) Unit",Full Time,
Data Base Administrator,Full Time,Port Harcourt & Rivers State
Data Analyst & Business Intelligence Specialist,Full Time,Lagos
Digital Delivery and Data Analysis,Full Time,Lagos
Data Infrastructure Engineer,Full Time,Lagos
Data Architect - Azure,Full Time Remote,Lagos
Lead Data Centre,Full Time,Lagos
"Business Performance/Data Analyst, Offline",Full Time,Lagos
Warehouse Operations / Data Analytics Officer,Full Time,Rivers
Data Analyst,Full Time,Lagos
Lecturer II - Data Science,Full Time,Abuja
Lecturer I - Data Science,Full Time,Lagos
In-Country Lead Consultant / Data Collector,Full Time,Abuja
Data Analyst Intern,Full Time,Lagos
Master Data Manager,Full Time,Lagos
"Unit Head, Enterprise Analytics (Finance / Data Analytics / Management) – Nigeria",Full Time,Lagos
"Unit Head, Data Monetization (Data Management / Transformational Analytics / Strategy)",Full Time,Lagos
"Unit Head, Data Architecture & Engineering (Finance / Data Management / Analytics)",Full Time,Lagos
Senior Business Data Analyst,Full Time,Lagos
Data Analyst - Growth,Full Time,Lagos
Data and Documentation Officer,Full Time,Niger
Data Analyst,Full Time Remote,
Junior Data/Ecommerce Analyst,Contract,Lagos
Data Analyst Tutor,Full Time,Lagos
Senior Data Analyst,Full Time,Lagos
Data Entry Officer,Full Time,Lagos
Technical Data Analyst,Full Time,Lagos
Manager -Business Analytics Data Governance,Full Time,Lagos
Analyst - Data Governance,Full Time,Lagos
Data Analyst Intern,Full Time,Lagos
ETL Developer / Data Engineer,Full Time,Lagos
Data Scientist,Full Time,
Data Analyst and Executive Assistant,Full Time,Oyo
"Senior Data Architect, Data Warehouse & MPP",Full Time,Lagos
"Senior Data Architect, Data Lake",Full Time,Lagos
Data Management Associate,Full Time,Lagos
Data Entry Operator,Full Time,Plateau
Computer / Data Processing Teacher,Full Time,Lagos
Data Scientist,Full Time,Lagos
Data Analyst,Full Time,Lagos
Data Analyst,Full Time,Lagos
Data Analyst (Mid-Level),Full Time,
Data Protection Officer,Full Time,Abuja
Data Science Services (DBA) Level 1,Full Time,Lagos
Data Analyst,Full Time,Lagos
Data Entry Officer,Full Time,Lagos
Data Entry Officer,Full Time,Lagos
Data Scientist,Full Time,Abuja
Data Administrator,Contract,Lagos
"Strategic Account Manager, Colo /Cloud / Data Centers",Full Time,Lagos
Computer Studies / Data Processing Teacher,Full Time,Lagos
Evaluation / Data Specialist - USAID/Nigeria Education Midterm Portfolio Performance Evaluation,Full Time,
Data Engineer,Full Time,Lagos
Data Collector,Full Time,Edo
Data Entry Officer,Full Time,Lagos
Senior Data / GIS Analyst,Full Time,Borno
Data Analyst (Entry Level),Full Time,Lagos
"Team Lead, Data Centre Operations (Infrastructure)",Full Time,Lagos
Public Health Specialist (Data Analysis & Visualization),Full Time,Abuja
"Head, Solution & Data",Full Time,Delta
Claims Data & Reimbursement Officer,Full Time,Lagos
"Team Lead, Data Science",Full Time,
Data Centre Power Systems Technician,Full Time,Lagos
Data / GIS Consultant (PSPA),Full Time,Abia
Data Management Officer,Full Time,Abuja
ERP Data Entry Officer,Full Time,Lagos
Data Entry Personnel - Ota,Full Time,Ogun
Data Analytics & Insights Officer,Full Time,Lagos
Data Warehouse Developer,Full Time,Lagos
Data Entry Personnel,Full Time,Lagos
Head of Data and Research Methods Unit,Full Time,Lagos
Data Collector (Enumerator),Full Time,
Manager - Campaign Management (Data Devices FBB MoMo and Digital),Full Time,Lagos
Data Entry Officer,Contract,Lagos
Senior Data Engineer,Full Time,Lagos
Data Scientist,Full Time,Lagos
Data Researcher and Automation Expert,Full Time,Oyo
Research & Data Analyst,Full Time,Lagos
Senior Azure Data Engineer ,Full Time,Rivers
Senior Data Scientist,Full Time,Lagos
Data Centre Mechanical Technical Supervisor,Full Time,Lagos
Data Centre Electrical Technical Supervisor,Full Time,
Data Developer (SQL & DBA),Full Time,Lagos
Data Engineer,Full Time,Lagos
Sports Data Analyst,Full Time,Lagos
Data Center Facility Manager,Full Time,Lagos
Data Entry & Publicity Assistant,Full Time,Lagos
"Machine Learning, Data Coordinator",Full Time,"Abuja , Kano"
Data Centre Service Delivery Manager,Full Time,Lagos
Senior Data & Reporting Specialist,Full Time,Lagos
Data Collector,Full Time,Lagos
Data Analytics Intern,Full Time,Nigeria
Team Lead - Data Center Operations,Full Time,
Data Analyst,Full Time,
"Senior Manager, Data center Planning & Design",Full Time,
ETL Developer / Data Engineer,Full Time,
"Data Analytics Tutor / Trainer (R, Python, and SQL)",Full Time,
Data Scientist,Full Time,
Data Engineer-Talent Pipeline,Full Time Remote,
HR Admin/Data Management Officer,Full Time,
SAP Data Migration Consultant,Full Time,
Data Analyst (Operations),Full Time,
Data Center Facility Lead,Full Time,Lagos
ERP Data Entry Officer,Full Time,Lagos
Data Engineer,Full Time,Abuja
"Senior Data Analyst (Credit Risk, Bank)",Full Time,Lagos
Data Analyst,Full Time,Lagos
Data Analyst (Operations),Full Time,Lagos
Data Entry Officer,Full Time,Lagos
Data Center Facility Engineer,Full Time,Lagos
Data Analysis Instructor,Full Time,Abuja
Data Analyst,Full Time,
Sales Data Analyst,Full Time,Lagos
"Analyst, Data Architecture",Full Time,Lagos
"Analyst, Data Engineering",Full Time,Lagos
"Team Lead, Data Governance",Full Time,Lagos
"Associate, Data Engineering",Full Time,Lagos
"Associate, Data Architecture",Full Time,Lagos
"Head, Solutions and Data",Full Time,Lagos
Data Analyst,Full Time,Lagos
Data Clark,Full Time,Katsina
Python Data Scientist,Full Time,
Data Analysis Resource Person,Full Time,Abuja
Data Engineer,Full Time,Lagos
Junior Data Engineer,Full Time,Lagos
People Data Analyst,Full Time,Lagos
Data/Business Intelligence Analyst (Onsite),Full Time,Lagos
Programme Analyst / Data Processing Assistant,Full Time,Cross River
System Support / Data Entry Officer,Full Time,Lagos
ERP Data Entry Officer,Full Time,Lagos
Senior Associate Data and Analytics,Full Time,Lagos
Big Data Solution Manager,Full Time,
Data Collector,Full Time,
Data Quality Analyst Lead,Remote,
Data Processing Teacher,Full Time,Lagos
"Head, Performance & Data Management",Full Time,Abia
"Strategic Account Manager, Colo/Cloud/Data Centers",Full Time,Lagos
Data Engineers,Full Time,Lagos
"Associate, Business Intelligence & Data Analytics",Full Time,Lagos
Data Entry Clerk and Social Media Attendant (Male),Full Time,Lagos
"Social and Behaviour Change Research and Data Specialist, P3 (Re-Advertised)",Contract,Abuja
"Head, Performance & Data Management",Full Time,
Data Engineering Instructor/Trainer,Full Time Remote,Lagos
Programme Analyst / Data Processing Assistant,Full Time,Cross River
System Support / Data Entry Officer,Full Time,Lagos
ERP Data Entry Officer,Full Time,Lagos
Senior Associate Data and Analytics,Full Time,Lagos
Big Data Solution Manager,Full Time,Lagos
Data Collector,Full Time,
Data Quality Analyst Lead,Remote,
Data Processing Teacher,Full Time,Lagos
"Head, Performance & Data Management",Full Time,
"Strategic Account Manager, Colo/Cloud/Data Centers",Full Time,Lagos
Data Engineers,Full Time,Lagos
"Associate, Business Intelligence & Data Analytics",Full Time,Lagos
Data Entry Clerk and Social Media Attendant (Male),Full Time,Lagos
"Social and Behaviour Change Research and Data Specialist, P3 (Re-Advertised)",Contract,Abuja
"Head, Performance & Data Management",Full Time,
Data Engineering Instructor/Trainer,Full Time Remote,Lagos
Senior Data Analyst,Full Time,Lagos
Data Analyst,Full Time,Lagos
Data Collections Officer,Contract Full Time,
Data Analyst,Full Time,Lagos
ICT / Data Processing Instructor,Full Time,Lagos
Data Scientist,Full Time,Lagos
Senior Data and Analytics Consultant,Full Time,Lagos
Data Analysis Resource Person,Full Time,Abuja
Data Analyst,Full Time Remote,Abia
Data Processing Specialist,Full Time,Lagos
Data Analyst,Full Time,Abuja
Data Expert M/F,Full Time,Rivers
Team Lead Market Data Sales,Full Time,
Data Analyst,Full Time,Lagos
Freelance Data Entry Officer,Part Time,Lagos
Data Entry Assistant,Full Time,Rivers
Data Analyst,Full Time,Lagos
Fraud Data Analyst,Full Time,Lagos
Data Analyst,Full Time,Lagos
Data Analyst,Full Time,Lagos
Data Analyst,Full Time,Lagos
Manager Data Analytics,Full Time,Lagos
Data Entry Operator,Full Time,
Data Centre Migration Specialist,Full Time,Lagos
Data Analyst,Full Time,Lagos
Data Entry (Business),Full Time,Lagos
Product Manager (Data & Platforms),Full Time,Lagos
Data Entry (Sport),Full Time,Lagos
"Senior Analyst, Applications & Data Security Mgt",Full Time,Lagos
Product Manager - Data and AI,Full Time,Lagos
Data Scientist,Full Time,Abuja
Data Centre Engineer (on Demand Model),Full Time,Lagos
Data Engineer Intern,Full Time,Ogun
Master Data Manager,Full Time,
Data Analyst,Full Time,
Data Manager,Full Time,
"Assistant/Associate Professor, Data Analytics",Full Time,
Analyst - Data Proposition Mass Market,Full Time,
Lead Data Center Operations Officer,Full Time,
Data Analyst,Full Time,
Data Analyst,Full Time,
Data Capturer (OMAO),Full Time,
HR Data Analyst,Full Time,
Lead Data Analyst,Full Time,Lagos
Store Inventory Data Analyst,Full Time,Lagos
Data Analyst,Full Time,Abuja
Data Analyst,Full Time,Lagos
Data Engineer,Full Time,Lagos
Computer/Data Processing Teacher (Secondary School),Full Time,Abia
Data Entry Officer,Full Time,Lagos
Data Science Executive,Full Time,Lagos
Data Scientist,Full Time,Lagos
Data Analyst- Transaction Switching & Payment Processing,Full Time,
Data Expert M/F,Full Time,Rivers
Fleet Accountant Data/Analyst,Full Time,Lagos
"Senior Architect - Information & Master Data, Information Technology",Full Time,Lagos
Data Management and Reporting Officer,Full Time,Yobe
Data Manager and Analyst,Full Time,Katsina
Data Manager,Full Time,Lagos
Data Entry Clerk,Full Time,Lagos
Data Analyst,Full Time,Lagos
Data Engineer,Full Time Remote,
Data Dashboard Developer,Full Time,
Data Analyst Scripting & VBA,Full Time,
Data Analyst,Full Time,
Data Analyst Officer,Full Time,Lagos
Data Engineer,Full Time Remote,Lagos
Data Analyst,Full Time,Lagos
Data & Analytics Lead (Africa),Full Time,Lagos
Data Entry Officer,Full Time,Lagos
Nigeria and Ghana Cluster Data Protection Office (DPO),Full Time,Lagos
Data Analyst,Full Time,Lagos
Data Entry Officers,Full Time,
Cloud Data Engineer,Full Time,Lagos
Data Engineering Instructor/Trainer,Full Time Remote,Abia
Data Collector (Enumerator),Full Time,Nigeria
Data Analyst – Nigeria IHP,Full Time,Sokoto
Data Comms Engineer,Full Time,Rivers
Data Warehousing Instructor/Trainer,Full Time Remote,
Data Center Design Specialist,Full Time,Lagos
Data Entry Specialist,Full Time,Abuja
Data Intern - OTL,Full Time,Borno
Data Analytics Tutor,Full Time,
IT & Data Privacy Compliance Auditor,Full Time,Lagos
Data Analyst,Full Time,Lagos
Data Centre Engineer (Facility Supervisor),Full Time,Lagos
Data Expert M/F,Full Time,Rivers
Business Head Data Centre,Full Time,Lagos
Data Analyst,Full Time,Delta
Data Engineer (CRM Specialist),Full Time,Lagos
Conflict Data Analyst,Full Time,Abuja
Data Analyst,Full Time,Lagos
Data Center Facility/ BMS Engineer,Full Time,
Data Scientist,Full Time,Lagos
Data Officer,Full Time,Ondo
Data Analyst,Full Time,Lagos
Data Analyst,Full Time,Lagos
Data Scientist,Full Time,Lagos
Master Data Manager,Full Time,Lagos
Data Protection & Privacy Officer,Full Time,Lagos
Data Engineer (DBA),Full Time,Lagos
Medior Data Engineer,Full Time Remote,Abia
Data Entry,Full Time,
Python Data Scientist,Full Time,Abuja
"Project Driver, Data.FI",Full Time,Abuja
Data Scientist,Full Time,Lagos
Finance Data Reporting Analyst,Full Time,Lagos
MEL Data Analytics Officer,Full Time,Abuja
Business Development Manager (Data Centers),Full Time,Lagos
Data Entry Clerk,Full Time,Lagos
"O&M Officer, Data Entry",Full Time,Nigeria
Data Entry Officer,Full Time,Abuja
Data Entry Officer,Full Time,
Data Entry Officer (NYSC),Full Time Remote,Lagos
Data Centre Administrator,Full Time Hybrid,Lagos
Data Engineer,Full Time,Lagos
Product Marketing Manager - Data and AI,Full Time Remote,Lagos
Volunteer Data Analyst,Full Time,Delta
Data Entry Assistant,Full Time,Abia
Data Entry Assistant,Full Time,Abia
Data & AI Engineering Manager,Full Time Remote,Lagos
Data Analytic & Reporting Officer,Full Time,Lagos
Data Processing Teacher,Full Time,
Information Management (IM) Data & Visualisation Analyst,Full Time,Abuja
Project Coordinator - Digital/Data,Full Time Hybrid,Abuja
Data Analytics Manager,Full Time,Lagos
Analyst - Data and Analytics,Full Time,Lagos
Data Protection Officer,Full Time,Lagos
Senior Data Engineer,Full Time,Lagos
Data Engineer and Trainer,Remote,
Data Analyst and Trainer,Remote,
Data Scientist and Trainer,Remote,
Data Scientist,Full Time,Remote
Data Analyst,Full Time,
Data/Voice Roaming IREG,Full Time,
Data Engineer (CRM Specialist),Full Time,
Data Analyst,Full Time,
Data Intelligence Analyst,Full Time Remote,
"Manager - Data Channel, Sales and Distribution",Full Time,
People and Culture Officer I (Data and Systems),Full Time,
People and Culture Assistant II (Data and Systems),Full Time,
"Team Lead, Geospatial Data Architecture",Full Time,
Technical Applications & Data Engineer,Full Time,
Senior Data Analyst,Full Time,Lagos
Data & Analytics Lead (Africa),Full Time,Lagos
Data Analyst,Full Time,Lagos
"Research, Data, Monitoring & Evaluation Consultancies",Full Time,Abuja
Data Entry Analyst,Full Time,Lagos
Data for Development Analyst,Full Time,Abuja
Senior Data Engineer,Full Time,Lagos
Consumer Data Lead - Africa Digital Hub,Full Time,Lagos
Software Engineer - Data Infrastructure,Full Time,
Technical Trainer - Data Processing (ETL/ELT),Contract Full Time Remote,
Technical Trainer - Data Engineer (Core/Distributed System),Contract Full Time Remote,
Data Engineer Trainee (Hybrid),Full Time,Lagos
Data Analyst,Full Time,Lagos
Computer / Data Processing Teacher,Full Time,Lagos
Data Analyst,Full Time,Abuja
Data Collector- Consultant,Full Time,"Ebonyi , Sokoto"
Data Analyst -Consultant,Full Time,Abuja
Manager - Data Channel,Full Time,Lagos
"Monitoring (Data)Specialist, P3",Full Time,Abuja
Revenue / Data Analyst,Full Time,
Data Journalist,Full Time,Abia
Data Scientist,Full Time,Lagos
Business Process Data Analyst,Full Time,Ogun
Data Center Operations Admin L3,Full Time,Lagos
Data Science Instructor,Full Time,Abuja
Data Entry Intern,Full Time,Lagos
Data Entry Officer,Full Time,Lagos
Data Capturing Officer,Full Time,Lagos
Data Engineer,Full Time,Lagos
Data Entry Officer,Full Time,
Business Process Data Manager,Full Time,Lagos
"Senior Managing Consultant, Advisors Client Services, Data & Services",Full Time,Lagos
Data Analyst,Full Time,Lagos
Technical Applications and Data Engineer,Full Time,Lagos
Data Entry Officer,Full Time,Lagos
BI/Data Analyst,Full Time Remote,Lagos
Business Process Data Analyst,Full Time,Lagos
Data Analyst,Full Time,Lagos
Data Analyst,Full Time,Lagos
"Head, Data and Insights",Full Time,
Data Centre Support Officer,Full Time,Lagos
Data Analyst,Full Time,Lagos
Senior Data Officer,Full Time,Lagos
Data Analyst I,Full Time,
Data Analyst,Full Time,Enugu
Operational Supervisor – (Well Testing & Data Acquisition),Full Time,Rivers
Field Service Manager– (Well Test & Data Acquisition),Full Time,Rivers
Data Analyst,Full Time,Lagos
Data Engineer,Full Time,Lagos
"Assistant Development Coordination Officer, Data Management and Results Monitoring & Reporting, NOA",Full Time,
Data Analyst,Full Time,Lagos
Data Analyst,Full Time,Lagos
Data Entry Clerk,Full Time,Abuja
Data Processing Specialist,Full Time,Rivers
Data Analyst,Full Time,Lagos
Junior Data Analyst,Full Time,Ogun
UN-Energy Data Intern,Full Time Remote,Abuja
Facilities and Data Centre Power System Technician,Full Time,Lagos
Data Entry,Full Time,Lagos
Electronic Data Collection Template Developer,Full Time,
Data Science Specialist- BMGF ( HCD+ ),Full Time,Abuja
Data Engineer,Full Time,Lagos
Python Data Scientist,Full Time,Abuja
Data Analyst - Operations,Full Time,Lagos
Data Analyst,Full Time,Bauchi
Data Processing Engineer(Trainer),Contract Full Time Remote,
AWS Data Engineer (Relocation and Hybrid),Full Time,Lagos
Data Warehousing(Hands-On)(Trainer),Full Time Remote,
Senior Data Analyst,Full Time,Lagos
Data Analysis Resource Person,Full Time,
M&E/Data Analytics Intern,Full Time,Abuja
Data Entry Operator- Monguno,Full Time,Borno
Data Entry Operator- Maiduguri,Full Time,Borno
Head Data Management & Platforms,Full Time,Lagos
Data Entry Operator,Full Time,Ogun
Data Entry (Sport),Full Time,Lagos
Data Engineering Matching Specialist,Full Time Remote,Abia
Social and Behaviour Change Research and Data specialist,Full Time,Abuja
Management Trainee (Data Analyst),Full Time,Lagos
Data Center Customer Solution Architect,Full Time,
Data Analytics and Visualization Specialist,Full Time,Abuja
Senior Data Processing Officer (CONTEDISS - 8),Full Time,Edo
Data Analyst,Full Time,Lagos
Data Protection Officer,Full Time,Ogun
Data Analyst,Full Time,Lagos
Data Assistant - Maiduguri,Full Time,Borno
Facilities and Data Centre Power System Technician,Full Time,Lagos
Data Management Associate,Full Time,Abuja
Data Analytics Manager,Full Time,
Data Protection Analyst,Full Time,Remote
Data Collectors,Full Time,
Data Analyst,Full Time,
Data Analytics Executive,Full Time,
"Associate, Program Data Management",Full Time,
"Associate, Data Analysis",Full Time,
Data Analytics Executive,Full Time,
Data Analysis RP,Full Time,
Data Engineer,Full Time,
Data Analyst / Operator,Full Time,
Business / Data Analyst,Full Time,
Data Analyst,Full Time,Lagos
"Data, Analytics & Reporting Manager",Full Time,Lagos
Python Data Scientist,Full Time,Abuja
Data Assurance Analyst,Full Time,Lagos
Data Scientist,Full Time,Lagos
"Senior Technical Advisor, TQLA - Data Visualization & Utilization",Full Time,Abuja
MIS Data Analyst,Full Time,Edo
Data Intelligence Analyst,Full Time,Lagos
Data Scientist,Full Time,Lagos
Data Engineering Lead,Full Time,
Data Analyst,Full Time,Abuja
"Senior Human Resource Officer - Talent Management, Data & Systems Support",Full Time,Abuja
"Product Director, Data & Analytics",Full Time,Lagos
Data Center Operations Support Manager,Full Time,Lagos
Data Center Management Engineer,Full Time,Lagos
Facilitator in Data Science and Visualization,Full Time,"Abuja , Niger"
Data Capture Clerk - Brewing,Full Time,Lagos
Data Engineer,Full Time,Lagos
Senior Financial Systems and Data Analyst (Oracle),Full Time,Lagos
Data Analyst,Full Time,
Data Entry Officer,Full Time,Lagos
Group Data Protection Officer,Full Time,Lagos
Data Analysis Resource Person,Full Time,Oyo
Medical Data Entry Supervisor,Full Time,Zamfara
Data Analyst (Visualization Engineer),Full Time,Lagos
Senior Financial Systems and Data Analyst Personnel (Oracle),Full Time,Lagos
Data Engineer,Full Time,Lagos
Senior Data Analyst,Full Time,Abuja
Design Manager (Data Centre),Full Time,Lagos
Data Analyst,Full Time,
Senior Data Processing Officer,Full Time,Delta
Data Analyst/Research & Development Coordinator,Full Time,Lagos
"Manager, Data Analytics",Full Time,Lagos
Data Entry Clerk,Full Time,Abuja
Data Analyst - Nigeria IHP,Full Time,Ebonyi
Data Governance Specialist,Full Time,Lagos
SAP Data Officer,Full Time,Lagos
Data Entry (Sport),Full Time,Lagos
Data Analytics,Full Time,Lagos
Research and Data Input Staff,Full Time,
Junior Data Analyst (MIS),Full Time,Lagos
Data Analyst,Full Time,Lagos
Data Scientist,Full Time,Lagos
Data Collector,Contract Full Time,Nigeria
Research and Data Analyst,Full Time,Lagos
"Information Records & Data Manager, Nigeria",Full Time,Abuja
Data Entry Administrator,Full Time,Lagos
Data Analytics,Full Time,Lagos
Data Engineer,Full Time,Lagos
Data Scientist,Full Time,
Data Analyst,Full Time,Abuja
Data Analytics and Visualization Specialist,Full Time,Abuja
Data Entry Analyst,Full Time,Lagos
Data Analyst,Full Time,Lagos
Data Analyst Trainer,Full Time,Osun
Research and Data Analyst,Full Time,Abuja
Data Engineer,Full Time Remote,Abia
Data Analyst,Full Time,Lagos
Data Analyst,Full Time,Lagos
Data Entry Assistant,Full Time,
Data Collectors,Full Time,"Bauchi , Nasarawa"
Data Collectors Supervisors,Full Time,Bauchi
Data Entry Operator,Full Time,Lagos
Nigeria Field Data and Administrative Coordinator,Full Time,Niger
Data Engineer,Full Time Hybrid,Lagos
Data Analyst (Buyers),Full Time,Abuja
Utilities Data Entry Analyst,Full Time,Ogun
Data Engineer-Talent Pipeline,Full Time Remote,Lagos
Data Entry Operator,Full Time,Ogun
Senior Data Analyst,Full Time,
Data Analyst,Full Time,Lagos
Data Production - Interns,Full Time Hybrid,Lagos
Data Collectors,Full Time,"Abuja , Nasarawa"
Data Entry Executive,Full Time,Lagos
Data Entry Officer,Full Time,Lagos
Business Data Analyst,Full Time,Lagos
Python Data Scientist,Full Time,Abuja
Lead Data Aggregator,Full Time,Lagos
Director of Data Science,Full Time Remote,Lagos
"Head, Data Centre",Full Time,
Graduate Data Analyst,Full Time,Lagos
Lead: Carrier Management - Voice & Data,Full Time,Lagos
Data Analyst,Full Time,Osun
Senior Data Engineer,Full Time,Lagos
Senior Data Analyst,Full Time,Lagos
Information Management Officer (Data Management and Visualization),Contract Full Time,Abuja
REACH ERP Administrator & Data Analyst,Full Time,Abuja
Data Entry Operator,Full Time,Katsina
Fire Engineer (MCF / Data Centres),Full Time,Lagos
Senior Mechanical Engineer (Data Centres),Full Time,Lagos
Senior Data Analyst,Full Time,Abuja
Data Entry Operator,Full Time,Abuja
"Implementation Research and Data Officer, Maternal MMS, Nigeria",Full Time,Abuja
Data Manager,Full Time,Abuja
Senior Presales Engineer - Data Centre,Full Time,Abuja
Data Engineer,Full Time,Lagos
Data Analyst - Task Order 7,Full Time,Lagos
Data Engineer,Full Time,Lagos
Data Analyst,Full Time,Lagos
Data Entry Officer,Full Time,Abuja
Computer / Data Processing Teacher,Full Time,Lagos
Senior Data Analyst,Full Time Remote,Abia
Data Lead,Full Time,Lagos
Data Analyst,Full Time,Rivers
Data Protection Officer,Full Time,Lagos
Data Entry Assistant,Full Time,Abuja
Data Engineer Intern,Full Time,Lagos
Data Analyst,Full Time,Delta
Data Capturer - 2,Full Time,Lagos
CAV Data Collector,Full Time,Abuja
Senior Data Scientist,Full Time,Lagos
Data Scientist,Full Time Remote,Lagos
Data Scientist,Full Time,Abuja
Data Analytics Manager,Full Time,Abia
Data Analyst,Full Time,Lagos
Data Analyst – Nigeria IHP – (TO3) - Azare,Full Time,Bauchi
Data Analyst – Nigeria IHP – (TO3) - Misau,Full Time,Bauchi
Data Analyst,Full Time,Lagos
Data Analytics and AI Intern,Full Time,
Data Loss Prevention Specialist,Full Time,Abuja
Data Analyst,Full Time,Lagos
Data Protection Officer,Full Time,Lagos
"Senior Managing Consultant, Advisors Client Services, Data & Services",Full Time,Lagos
Data Analyst,Full Time,Abia
Digital Officer – Data and Automation,Full Time,
Data Analyst,Full Time,Lagos
Data Analyst,Full Time,Abuja
"Senior Master Data Maintenance SAP ECC, MM",Full Time,Lagos
Junior Architect (Data Centres),Full Time,Lagos
Data Analyst,Full Time,Abuja
Data Entry Officer,Full Time,Lagos
Data Support Officer,Full Time,Lagos
Data Science Specialist,Full Time,Abuja
Senior Master Data Maintenance (Lead),Full Time,Lagos
Junior Master Data Maintenance Analyst,Full Time,Lagos
Data Recorder / Processor (3.4u),Full Time,
Data Analyst - Dashboard Developer,Full Time,Abuja
Python Data Scientist,Full Time,Abuja
"Lead, Data Centre Administrator",Full Time,Oyo
Data Centre Administrator,Full Time,Abuja
Research/Data Analyst,Full Time,Abuja
Customer Service Data Management,Full Time,Lagos
Data Entry,Full Time,Ondo
Data Entry Administrator,Full Time,Lagos
Computer Science / Data Processing Teacher,Full Time,Lagos
Data Protection Officer,Full Time Remote,
Data Assistant,Full Time,Lagos
Senior Manager - Data and Analytics (Information Technology),Full Time,Lagos
Data Entry Specialist,Full Time,Lagos
Data Capturer (OMAO),Full Time,Lagos
Customer Address Verification / CAV Data Analyst,Full Time,Lagos
Data Entry Intern,Full Time,Lagos
Data Entry / Computer Operator,Full Time,Lagos
"Data Analyst and IT Database Manager, Nigeria Monitoring Project",Full Time,Abuja
Data Analytics and Visualization Specialist,Full Time,Lagos
Fire Engineer (MCF / Data Centres),Full Time,Lagos
Structural Engineer (Data Centre),Full Time,Lagos
Senior Project Manager (Data Centres),Full Time,Lagos
Mechanical Engineer (Data Centre),Full Time,Lagos
Junior Architect (Data Centres),Full Time,Lagos
Electrical Engineer (Data Centre),Full Time,Lagos
Data Entry Clerk,Full Time,"Ekiti , Osun"
Data Analytics and Visualization Specialist,Full Time,Abuja
Structural Engineer (Data Centre),Full Time,Lagos
Analyst - Master Data (SCM),Full Time,Lagos
Data Analytic and AI Manager,Full Time,
Data Science Specialist - BMGF (HCD+),Full Time,Abuja
"Director, Regional Channels and Data Management, CCIB - (2231966)",Full Time,Lagos
"Data, Monitoring and Evaluation Analyst, Abuja",Full Time,Abuja
Data Admin,Full Time,Lagos
Data & Software Sales Acceleration Leader,Full Time,
Data/Voice Roaming IREG,Full Time,Lagos
Business Intelligence Data Engineer,Full Time,Lagos
Data Analyst - Dashboard Developer,Full Time,Abuja
Finance System Officer - Master Data Mtc,Full Time,Rivers
Business Analyst (Data Analytics),Full Time,Rivers
"Senior Managing Consultant, Advisors Client Services, Data & Services",Full Time,Lagos
Data Entry Clerk,Full Time,Taraba
Data Science Senior Manager (Lagos),Remote,Lagos
Data Solutions Architect,Full Time,Lagos
Python Data Scientist,Full Time,Abuja
Data Assistant,Full Time,Borno
Data Engineering,Full Time,Lagos
Data Analyst,Full Time,Lagos
Regional Data Analyst - Ibadan,Full Time,Oyo
Data Analyst Intern,Full Time,Lagos
Data Analyst,Full Time,Lagos
"Supervisor, Medical Data Entry",Full Time,Lagos
Data Analyst,Full Time,Lagos
Web and Data Management Support,Full Time,location
Data Analyst – CDC-SPEED,Full Time,Remote
Design Manager (Data Centres),Full Time,Remote
Senior Mechanical Engineer (Data Centres),Full Time,Lagos
Data Intelligence Analyst,Full Time,Abuja
Data Analyst,Full Time,Nigeria
Sales & Data Analyst,Full Time,Lagos
Data Analyst - Dashboard Developer,Full Time,Lagos
Analyst - Data and Analytics,Full Time,Lagos
Business Data Analyst,Full Time,Nigeria
International Consultant: Data Scientist/Statistician - Food and Nutrition Systems,Full Time,Remote
HR Data Analyst,Full Time,Nigeria
Research/Data Analyst,Full Time,Lagos
Data Processing Officer,Full Time,Abuja
Data Entry Clerk,Full Time,Lagos
Senior Data Officer,Full Time,Abuja
Data Entry Clerk,Full Time,Abia
Data Manager & Analyst,Full Time,Lagos
Data Science Senior Manager,Full Time Remote,Abuja
Data Entry Officer,Full Time,Lagos
Data Systems and Student Performance Specialist,Full Time,Remote
Study and Data Officer,Full Time,Benue
Analyst - Data and Analytics.Information Technology,Full Time,Lagos
Merchandise Data Analyst (Fashion Retail),Full Time,Lagos
Data Analyst,Full Time,
Maintenance Data Capture Clerk,Full Time,Lagos
Data Centre Support Officer,Full Time,Kogi
Master Data & Pricing Officer,Full Time,
Logistics Data Analyst,Full Time,Lagos
Data Entry Operator,Full Time,Abuja
Senior Data Scientist,Full Time,Lagos
"Senior Engineer, Data Carrier Operations",Full Time,Lagos
Data Entry Intern,Full Time,Kano
Data Entry Officers,Full Time,Lagos
Regional Data and Business Intelligence Analyst,Full Time,Lagos
Data Quality Assessment State Data Assessor,Full Time,Lagos
Investigative Data Analyst,Full Time,Lagos
Regional Data and Business Intelligence Analyst,Full Time,Lagos
Data Collection Field Agent,Full Time,
Data Entry Operator,Contract Full Time,Plateau
Data Entry Operator,Full Time,Abuja
Data Analyst / Research and Development Officer,Full Time,Lagos
Data Analyst,Full Time,Lagos
Global Customer Insights Data Lead,Full Time,Abuja
"Principal, Business Development Lead (West, East Africa and Indian Ocean Islands) Data & Services",Full Time,Lagos
Data Entry Officer,Full Time,Abia
Data Capture Clerk - Brewing / E&F,Full Time,Lagos
Data Quality Manager (Ad-hoc Staff),Full Time,Sokoto
"Senior Managing Consultant, Advisors Client Services, Data & Services",Full Time,Lagos
Data Analyst,Full Time,Oyo
Documentalist & Data Protection Manager,Full Time,Nigeria
"Technical Advisor, Data Systems and Analytics",Full Time,Edo
Project Manager - Inclusive Data,Full Time,Abuja
"Senior Coordinator, GIS Data Analytics",Full Time,Lagos
Data Processing & Computer Science Teacher,Full Time,Ondo
MNH Data Modeling Specialist,Full Time,Lagos
Data Analyst,Full Time,Lagos
Data Engineer,Full Time Remote Hybrid,Lagos
"Senior Technical Advisor, Analytics & Data",Full Time,Edo
Packaging Data Capture Clerk,Full Time,Edo
Open Data - Interns,Full Time,Lagos
Data Analyst,Full Time,Lagos
Study and Data Coordinator – Digital Health for Key Populations in HIV Care and Prevention,Full Time,Lagos
Data Officer – Digital Health for Key Populations in HIV Care and Prevention,Full Time,Lagos
People Data Analyst,Full Time,Lagos
Data Analyst Assistant Trainer,Full Time Remote,Lagos
Data Collector/Data Analyst,Full Time,Taraba
Data Entry Clerk,Full Time,Lagos
Lead Data Analyst,Full Time,Lagos
Program Associate – Data Analytics and Visualization I,Full Time,Lagos
Data Analyst,Full Time,Lagos
Data Consultant,Full Time,Lagos
Data Analyst,Full Time,Lagos
Data Analytics Instructor,Full Time,Lagos
Data Officer,Full Time,Abuja
Data Engineer,Full Time,Abuja
Data Analyst B2B,Full Time,Lagos
Enumerator / Data Collector,Full Time,Lagos
Operations Administrator (Agriculture / Operations / Innovation / Data Analysis) – Panda,Full Time,Abuja
Data Analyst – Nigeria IHP,Full Time,Rivers
Data Collector,Full Time,Lagos
Data Scientist,Full Time,Lagos
Data Entry Specialist,Full Time,Lagos
Data Analyst,Full Time,Lagos
Data Entry Intern,Full Time,Ondo
Senior Data Center Engineer,Full Time,Lagos
"Senior Managing Consultant, Advisors Client Services, Data & Services",Full Time,Lagos
Junior Architect (Data Centres),Full Time,Lagos
Structural Engineer (Data Centre),Full Time,Lagos
Senior Project Manager (Data Centres),Full Time,Ogun
Senior Mechanical Engineer (Data Centres),Full Time,Nigeria
Fire Engineer (MCF / Data Centres),Full Time,Lagos
Design Manager (Data Centres),Full Time,Lagos
Data Analyst - Dashboard Developer,Full Time,Lagos
Data Analytics Resource Person,Full Time,Lagos
International Social and Behaviour Change Data Contractor,Full Time,Lagos
"Business Head, Data Centre",Full Time,Lagos
Data Monetization Business Analyst,Full Time,Lagos
Data Centre Support Officer,Full Time,Lagos
SI Associate: Data Analysis,Full Time,Ogun
Trade Marketing Data Analyst,Full Time,Remote
Data-Driven Credit Collections Lead,Full Time,Nigeria
Data Processing Assistant,Full Time,Lagos
Data Assistant,Full Time,Abuja
Data Collector (Enumerator),Full Time,Lagos
Data Analyst,Full Time,Abuja
Senior Data Engineer,Full Time,Abia
Data Analyst Intern (NYSC),Full Time,Lagos
Customer Experience and Data Associate,Full Time,Abuja
Technical Product Manager (External Data Integration),Full Time,Lagos
Business Data Analyst,Full Time,Nigeria
Data Centre Service Analyst,Full Time,Lagos
Customer Experience Data Analyst,Full Time,Lagos
"Lead, Data and AI",Full Time,Lagos
Data & Analytics Director - Africa,Full Time,Lagos
Data Lead - Nigeria,Full Time,Lagos
"Lead, Data Assurance",Full Time,Lagos
Reward & HR Data Analyst,Full Time,Lagos
Analyst - Business Analytics Data Governance,Full Time,Lagos
Senior Risk Data Analyst,Full Time,
Data Engineer (Hybrid),Full Time,Lagos
Data Entry Analyst,Full Time,Ekiti
Senior Analyst - Data Management & Operations,Full Time,Lagos
Data Analyst - Dashboard Developer,Full Time,Abuja
Data Analyst,Full Time,Lagos
Data Engineer,Full Time,Lagos
Data Analyst,Full Time,Rivers
"Team Lead, Data Management",Full Time,Lagos
Analyst - Data Governance,Full Time,Lagos
Data Centre Power System Technician,Full Time,Lagos
"Lead, Data Assurance",Full Time,Abuja
Data Scientist,Full Time,Lagos
Data and Consumer Insights Manager,Full Time,Lagos
GENIUS Data Intelligence Lead (f/m/d),Full Time,
OSS Data Entry Clerk,Full Time,Ebonyi
Data Quality Associate,Full Time,Lagos
Data Governance Associate,Full Time,
Data Privacy Associate,Full Time,Lagos
Volunteer (Collect data on Quality of education in Nigeria Case study productivity in Nigeria Universitiy),Full Time,
Lead Data Engineer,Full Time Remote,
Inventory Support / Data Informatics / Quality Improvement Officer,Full Time,Lagos
Data Analyst – Nigeria IHP,Full Time,Bauchi
Consultant - Data Cleaning,Full Time,Abuja
Data Engineer,Full Time,Abuja
Inventory Support / Data Informatics / Quality Improvement Officer,Full Time,
Data Analyst/Warehouse Officer,Full Time,Lagos
Data Collector,Full Time,
Senior Data Scientist,Full Time,Lagos
Data Analyst (NYSC),Full Time,Lagos
Data & Analytics Director - Africa,Full Time,Lagos
"Team Lead, Data Analytics",Full Time,Abuja
Data Analyst,Full Time,Lagos
"Principal, Business Development Lead (West, East Africa and Indian Ocean Islands) Data & Services",Full Time,Lagos
Senior Data Scientist,Full Time,Lagos
Data Monetization Business Analyst,Full Time,Abia
Data Monetization Associate,Full Time,Lagos
"SMC EoR Data Collector, LGA Supervisor",Full Time,Katsina
Data Scientist,Full Time,Lagos
Data Entry Clerk,Full Time,
Data Entry Officer,Full Time,Lagos
Data Analyst (Financial Services),Full Time,Abia
Compliance Risk Management Officer - West Africa Data Protection Officer (DPO),Full Time,Lagos
"Specialist, Data & VAS",Full Time,Lagos
Data Analyst,Full Time,Lagos
Product Owner (Data Analytics),Full Time,Lagos
Key Account Manager - Data Center,Full Time,
Data Entry Officer,Full Time,Lagos
Data Analyst - Task Order 7 - FCT,Full Time,Abuja
Data Entry Officer,Full Time,Abuja
"Data Analyst, Nigeria Monitoring Project",Full Time,Abuja
"Implementation Research and Data Officer, Maternal MMS, Nigeria",Full Time,Lagos
Data Analyst,Full Time,Lagos
Senior Data Engineer,Full Time,Lagos
Senior Data Scientist,Full Time,Lagos
Reward & HR Data Analytics Specialist,Full Time,Lagos
Data Processing & Computer Science Teacher,Full Time,Imo
Data Support Analyst II,Full Time,
Manager - Enterprise Master Data,Full Time,Lagos
"Nigeria Country Director, Data.FI",Full Time,Abuja
Data Scientist (Python),Full Time,Lagos
"Senior Engineer, Data Centre M & E",Full Time,Abuja
"Lead, Data Assurance",Full Time,Lagos
"Lead, Data Assurance",Full Time,Lagos
Data Processing Assistant (CONTISS 3),Full Time,Oyo
Customer Service Representative/Data Entry Officer,Full Time,Lagos
Data Scientist / Machine Learning Engineer,Full Time,Lagos
Cloud Solution Architect - Data & AI,Full Time,Lagos
Cloud Solution Architect - Data & AI,Full Time,Lagos
Senior Data Scientist,Full Time,Lagos
Data Modelling Specialist,Full Time,Lagos
Senior Data Engineer,Full Time,Lagos
Senior Data Scientist,Full Time,Lagos
Data Business Analyst,Full Time,Lagos
Data Entry Officer,Full Time,Lagos
State Monitoring and Evaluation Officer / Data Manager,Full Time,Nigeria
Program Data Associate,Full Time,Abuja
"Lead, Data Assurance",Full Time,Lagos
Data Entry Officer,Full Time,Lagos
"Senior Managing Consultant, Advisors Client Services, Data & Services",Full Time,Lagos
Data Analyst,Full Time,Lagos
Data Analyst,Full Time,Remote
"Senior Technical Advisor, Database Management, GIS, & Data Visualization",Full Time,Benue
Data Entry Clerk (Ad-Hoc),Contract,Lagos
Data Entry Operator,Full Time,Lagos
Senior Data Analyst and Scientist,Full Time,
"Senior Managing Consultant, Advisors Client Services, Data & Services",Full Time,Lagos
Data Entry/Clerk,Full Time,Kogi
Sales Data Analyst,Full Time,
Data Engineer,Full Time,Lagos
Data Scientist,Full Time,Abuja
Data Engineer,Full Time,Benue
Compliance Risk Management Officer - West Africa Data Protection Officer (DPO),Full Time,Lagos
Senior Data Warehouse Architect,Full Time Remote,
"Senior Manager, Data Science",Full Time Remote,
Data and Business Intelligence Advisor,Full Time,Abuja
Senior Manager - Data and Analytics,Full Time,Lagos
"Nigeria Country Director, Data.FI",Full Time,Abuja
Data Engineer Graduate Trainee,Full Time,Lagos
Data Analyst,Full Time,Lagos
Data Analyst,Full Time,Abuja
Technical Applications and Data Engineer,Full Time,Lagos
Data Analyst - Nigeria IHP,Full Time,Abuja
Data Analyst,Full Time,"Bauchi , Jigawa , Kano"
HR Data Analyst,Full Time,Lagos
Key Account Manager - Data Center,Full Time,Lagos
Data Engineer,Full Time,Lagos
Data Analyst,Full Time,Lagos
Data Governance Analyst,Full Time,Lagos
Data Scientist,Full Time,Lagos
Senior Data Scientist,Full Time,Lagos
Data Entry / Secretary,Full Time,Lagos
Data Collector,Contract Full Time,Nigeria
Data Analyst,Full Time,Lagos
Data Analyst Intern,Full Time,Lagos
Data Analyst,Full Time,Lagos
Mid Level Data Scientist,Full Time,Lagos
"Regional Technical Advisor - Data Use and Quality Improvement, Data.FI",Full Time,
Policy Officer (Liaison & Data Analysis),Full Time,
Data Collector (Lagos),Full Time,Lagos
Data Collector (Kano),Full Time,
Data Collector (Kano),Full Time,
Data Analyst,Full Time,Lagos
Maintenance Data Capture Clerk,Full Time,Rivers
Senior Data Manager,Full Time,Abuja
"Head, Marketing Tech, Data & Analytics",Full Time,Lagos
Data Engineer,Full Time,Lagos
Risk Data Analyst,Full Time,Lagos
Data Entry Specialist,Full Time,Lagos
Data Entry Clerk,Full Time,Lagos
Roving Data Entry Clerk,Full Time,Lagos
Data Entry/ Inventory officer,Full Time,Lagos
Data Science Tutor (NYSC) - PPA,Full Time,Abuja
Sports Data Analyst,Contract,Lagos
Warehouse Data Officer,Full Time,Borno
Supervisor - Medical Data Entry,Contract,Zamfara
Data Entry Clerk/Management Information (MIS) Officer,Full Time,Bauchi
Data Quality and Capture Officer,Contract,Abuja
Data and Report Analyst,Full Time,Abuja
Data Entry,Full Time,Lagos
Data & Analytics Officer,Full Time,Lagos
"Senior Associate, Data Protection / Privacy",Full Time,Kogi
Data Analyst and QA Intern,Full Time,Lagos
Business Data Analyst,Full Time,Lagos
Data Analyst,Full Time,Rivers
Data Business Systems Analyst,Remote,
Data Entry Intern,Full Time,Lagos
"Senior Managing Consultant, Advisors Client Services, Data & Services",Full Time,Lagos
Data Entry Clerk at Xinjie Logistics,Full Time,Lagos
Data Collector,Full Time,Lagos
Data Analyst,Full Time,Bauchi
Data Analyst,Full Time,
Data Collector,Full Time,Nigeria
IT & Data Management Specialist,Full Time,Lagos
Data Scientist,Full Time,Lagos
Data Governance Team Lead,Full Time,Lagos
Data Governance Analyst,Full Time,Lagos
Operations Data Analyst,Full Time,Lagos
Data Entry/Social Media Manager,Full Time,Lagos
"Specialist, Payroll & Data Analytics",Full Time,Lagos
Data Scientist,Full Time,Lagos
Data Analyst,Full Time,Lagos
Data Manager,Full Time,Lagos
Key Account Manager - Data Center,Full Time,
Data Analyst,Full Time,Lagos
Data Analyst - Nigeria IHP-Jega,Full Time,Lagos
ICT / Data Processing Teacher,Full Time,Lagos
Data Scientist,Full Time,Lagos
Data Analyst,Full Time,Lagos
Data Acquisition (DAQ) Engineer,Full Time,Rivers
Engineering Lead – Customer Data Platform,Full Time,Lagos
"Data Quality Assessment Consultant, Nigeria Monitoring Project",Full Time,Abuja
Data Entry Operator,Full Time,Kebbi
"Team Lead, Data Analytics",Full Time,Lagos
Data Scientist,Full Time,Lagos
Data Analyst,Full Time,Lagos
Data Manager & Analyst - FMC OWO,Full Time,Ondo
"Senior Managing Consultant, Advisors Client Services, Data & Services",Full Time,Lagos
Data Entry Clerk,Full Time,Lagos
Data Entry Officer,Full Time,Ogun
Data Solution and Research Manager,Full Time,Lagos
Data Processing Officer (GL 8),Full Time,Lagos
Risks Communication (Senior Data Analyst),Full Time,Lagos
"Team Lead, Geospatial Data Architecture",Full Time,Kano
Data Scientist,Full Time,Lagos
Data and Partnership Manager/Director,Full Time,Lagos
Data Processing / I.C.T Teacher,Full Time,Lagos
HR Data Analyst,Full Time,Lagos
Software Engineer - Data Platform,Full Time,Lagos
Data Engineer,Full Time,
Data Analyst,Full Time,Plateau
Data Analyst,Full Time,Lagos
Data Analytics Officer - Business Assurance,Full Time,
Data Analyst,Full Time,Lagos
"Senior Managing Consultant, Advisors, Client Services, Data & Services",Full Time,Lagos
Data Entry Specialist,Full Time,Lagos
Data Processor,Full Time,Lagos
Data Officer,Full Time,Abuja
Data Privacy Manager,Full Time,
IT Program Manager - Data Platform,Full Time,
Data Analyst,Full Time,Lagos
Consultant – Python Programming for AMC IT Data Tool,Full Time,Kano
Data Analyst,Full Time,Lagos
Data Analysis Intern (Remote Internship - Analyst),Full Time Remote,Lagos
Data Analyst,Full Time,Lagos
"Team Lead, MIS Data Analytics",Full Time,
Engineering Lead – Customer Data Platform,Full Time,Lagos
Senior Data Systems Advisor,Full Time,Abuja
"Data Architects - BI, Analytics, Big Data and Data Governance (Junior, Intermediate & Expert)",Full Time,Lagos
"Data Modelling Specialists (Junior, Intermediate & Expert)",Full Time,Lagos
"Data Analytics - ETL Python SQL API's Developer (Junior, Intermediate & Expert)",Full Time,Lagos
Junior Data Analyst,Full Time,Lagos
Data Analyst,Full Time,Lagos
Data Systems Officer,Full Time,Abuja
"Team Lead, Scripting and Data Analytics",Full Time,Lagos
Data Analysis / Scripting Officer,Full Time,Lagos
"HR Assistant, Data Analysis",Full Time,Abuja
Data Entry Operator,Full Time,Bauchi
Analyst - Data & Partnerships,Full Time,Lagos
IT Program Manager - Data Platform,Full Time,Lagos
Data Analyst Officer,Full Time,Lagos
Engineering Lead - Customer Data Platform,Full Time,Lagos
Data Analyst,Full Time,Lagos
"Manager, People Data & Analytics",Full Time,Lagos
Senior Data Scientist,Full Time,Lagos
Data Processing Officer,Full Time,Rivers
Higher Data Processing Officer,Full Time,Rivers
CAV Data Collector,Full Time,
Data Analyst,Full Time,Nigeria
Data Management Officer,Full Time,
"Senior Engineer, Solution Architect, Voice & Data",Full Time,Abuja
Data Intelligence Analyst,Full Time,Lagos
Data Platform Analyst,Full Time,
Data Manager (M & E) - NOB,Full Time,Lagos
Data Executive,Full Time,Oyo
Data Entry Operator,Full Time,Bauchi
Data Protection Officer,Full Time,Lagos
Session Lead (External Contractor) - Data Analyst Nanodegree,Full Time,
Big Data Engineer,Full Time,Lagos
Senior Data Scientist,Full Time,Lagos
Data Scientist,Full Time,Lagos
Senior Expert - Data Center Facility Product Planning,Full Time,Lagos
IT Program Manager - Data Platform,Full Time,
Individual Consultancy - Research and Data Analysis Officer,Full Time,Anambra
M & E / Data Analytics Intern,Full Time,Abuja
ERP Data Entry Personnel,Full Time,Lagos
"Engineering Lead, Customer Data Platform",Full Time,Lagos
Data Management Officer,Full Time,
"Senior Engineer, Solution Architect, Voice & Data",Full Time,Abuja
Data Intelligence Analyst,Full Time,Lagos
Data Platform Analyst,Full Time,
Data Manager (M & E) - NOB,Full Time,Lagos
Data Executive,Full Time,Oyo
Data Entry Operator,Full Time,Bauchi
Data Protection Officer,Full Time,Lagos
Session Lead (External Contractor) - Data Analyst Nanodegree,Full Time,
Big Data Engineer,Full Time,Lagos
Senior Data Scientist,Full Time,Lagos
Data Scientist,Full Time,Lagos
Senior Expert - Data Center Facility Product Planning,Full Time,Lagos
IT Program Manager - Data Platform,Full Time,
Individual Consultancy - Research and Data Analysis Officer,Full Time,
M & E / Data Analytics Intern,Full Time,Abuja
ERP Data Entry Personnel,Full Time,Lagos
"Engineering Lead, Customer Data Platform",Full Time,Lagos
"Regional Technical Advisor, Data Use and Quality Improvement, Data.FI",Full Time,Abuja
Data Analyst Intern,Full Time,Lagos
Data Base Administrator (DBA),Full Time,Lagos
Data Business Systems Analyst,Full Time Remote,
Data Analyst / Ms. Excel Dashboard Specialist,Full Time Remote,Abuja
Junior Data Analyst,Full Time,Lagos
Data Analyst (NYSC),Full Time,Plateau
"Senior Analyst, People Data & Analytics",Full Time,Lagos
Sales Data Specialist,Full Time,Osun
Data Analyst,Full Time,
Investigative Data Analyst,Full Time,
Data Analyst,Full Time,Lagos
Data Platform Analyst,Full Time,Lagos
Data Scientist,Full Time,Lagos
Data Entry Clerk,Full Time,Lagos
Data Analytics Product Development Manager,Full Time,
Data Innovation Officer (NOB),Full Time,Abuja
Surveillance Data Manager (SDM) - NOB,Full Time,Lagos
Your Organisation’s Data and Analytics (YODA) Change Readiness Manager,Full Time,Lagos
Data Base Administrator (DBA),Full Time,Abuja
Data Scientist,Full Time,Lagos
Data Cataloguer,Full Time,Abia
Sales Data Specialist,Full Time,Lagos
Data Analyst - COVID-19,Full Time,Sokoto
Data Entry Administrator,Full Time,Lagos
"Project Driver, Data.FI Nigeria",Full Time,Oyo
NEST Data Clerk,Full Time,Lagos
Data Analyst,Full Time,Rivers
Data Architect,Full Time,Rivers
Software Developer with experience in FIX (Trading Gateway ) & /or MITCH ( Market Data Feed) Protocols,Full Time,Lagos
Data Engineer,Full Time Remote,Lagos
Data Entry Officer,Full Time,Oyo
"Senior Managing Consultant, Advisors Client Services, Data & Services",Full Time,Lagos
Data Analytics Executive,Full Time,Lagos
"Engineering Lead, Customer Data Platform",Full Time,Lagos
Data Analyst - Retail Store Ikeja,Full Time,Lagos
Senior Data Analyst,Full Time,Lagos
AVADAR Data Assistant (G4),Full Time,Kano
Data Analyst,Full Time,Lagos
Data Analysis Instructor - Intern,Full Time,Abuja
Data Entry Intern (NYSC),Full Time,Lagos
Principal Manager - Research (Data Aggregation Platform),Full Time,
"Analyst I, Data Aggregation Platform (DAP)",Full Time,
Data Assistant,Full Time,Kano
Data & Solutions Specialist,Full Time,Lagos
Solutions and Data Specialist,Full Time,Lagos
Data Assistant,Full Time,Abuja
Data Analyst (MIS),Full Time,Lagos
Data Analyst,Full Time,Lagos
Data Collector,Full Time,Ogun
"Team Lead, MIS Data Analytics",Full Time,Lagos
Data Analyst - Retail Store Ikeja,Full Time,Lagos
Data Entry Personnel,Full Time,Nigeria
Data Scientist,Full Time,Lagos
Data Monetization Business Analyst,Full Time,Abia
Data Monetization Associate,Full Time,Lagos
"Lead, Business and Data Intelligence",Full Time,Lagos
Data Intelligence Analyst,Full Time,Lagos
Data Protection Officer,Full Time,Lagos
Data Center Structured Cabling Engineer,Full Time,Lagos
Data Center Operations Technician,Full Time,Lagos
CAV Data Collector,Full Time,Nigeria
Head of Data Science,Full Time Remote,Lagos
Technical Advisor I - MEAL & Data,Full Time,
Data Analyst,Full Time,Lagos
Data Scientist,Full Time,Abuja
Junior Data Scientist / Data Analyst,Full Time,Abia
IT Intern - Data Scientist,Full Time,Abuja
IT Consultant - Data Scientist,Contract Full Time,Abuja
Data Entry Clerk (DEC),Full Time,Ebonyi
Data Analysis Instructor,Full Time,Abuja
"Manager, Data Collection",Full Time,Abuja
Data Entry Clerk,Full Time,Osun
Data Engineer,Full Time,Lagos
Data Engineer,Full Time Remote,Lagos
Data and MIS Manager,Full Time,Lagos
Data Analyst Assistant Trainer,Full Time Remote,Lagos
"Assistant, Data Platform ,Growth Marketing",Full Time,Lagos
Data Product Manager,Full Time,Lagos
Registration / Data Entry Officer,Full Time,Lagos
Data Analyst,Contract,Lagos
Data Engineer,Full Time,Lagos
Operations Data Analyst,Full Time,Lagos
"Assistant, Data, Platform & Growth Mktg",Full Time,Lagos
Test Data Analyst,Full Time,Lagos
"Senior Coordinator, GIS Data Analytics",Full Time,Kano
Data Entry Clerk,Full Time,Sokoto
Data Scientist,Full Time,Lagos
Data QA Engineer,Full Time Remote,Lagos
Data Engineer,Full Time,Lagos
Data Analyst,Full Time,Abuja
"Team Lead, Data Analytics",Full Time,Lagos
Data Scientist,Full Time,Lagos
Medical Data Processing Officer,Full Time,Kebbi
Data Validation Intern,Contract Full Time,Lagos
Data Entry Clerks,Full Time,Lagos
Data Refining and Information Management Lead (Business Support),Full Time,Lagos
Data Collectors/Research Assistants(WBI),Full Time,Lagos
Data Analyst,Full Time,Abuja
Data Engineer,Full Time,
Consultant RADET Data Entry Clerk,Full Time,"Kwara , Niger"
Master Data & Pricing Officer,Full Time,Lagos
Computer / Data Processing Teacher,Full Time,Lagos
Data Refining and Information Management Lead,Full Time,Lagos
"Senior Managing Consultant, Advisors Client Services, Data & Services",Full Time,Lagos
Data Analysis Intern,Part Time Remote,
HR Data Analyst,Full Time,Oyo
Data Entry Analyst / Specialist,Full Time,Lagos
Bilingual Executive Assistant/Data Analyst - (French and English) - Export,Full Time,Lagos
Data Science Advisor,Full Time,Lagos
Data Science Intern,Full Time,Lagos
Data Engineer,Full Time Remote,
"Analyst, Master Data - Finance",Full Time,Lagos
Analyst - Master Data EPM and EAM,Full Time,Lagos
Data Analyst,Full Time,Lagos
Data Warehouse / Business Intelligence Intern,Full Time,Lagos
Data Scientist,Full Time,Nigeria
Data Engineer Intern,Full Time Remote,Edo
Data Scientist,Full Time Remote,Abuja
Data Analytics & Systems Control Manager,Full Time,Lagos
Data Analyst,Full Time,Ondo
"Data Analyst - Nigeria IHP, TO3",Full Time,Lagos
Data Analyst,Full Time,Lagos
Data Analyst,Full Time,Lagos
Data Engineer,Full Time,Edo
Data Analyst - NYSC Intern,Full Time,Edo
"Data Analyst - Nigeria IHP, TO5",Full Time,Edo
Junior Data Analyst,Full Time,Lagos
Data Entry Operator,Full Time,Lagos
Data Analyst,Full Time,Ogun
Data Associate,Full Time,Abuja
Business Data Analyst/Executive Assistant,Full Time,Oyo
Document Control/Data Analyst,Full Time,Lagos
Data Collectors: HMIS Assessment- FCT and Oyo,Full Time,"Abuja , Oyo"
MIS Data Analyst,Full Time,Lagos
Data Entry Analyst,Full Time,Lagos
Data Analysts,Full Time,Abuja
Data Centre Sales Manager,Full Time,Lagos
"Assistant Registrar II - Mathematics and Applied Science Subjects (GSM Phone Maintenance & Repair, Applied/ Basic Electricity, Auto Electrical Work, Data Processing)",Full Time,Lagos
Data Analyst II,Full Time,Lagos
Data Entry Officer (Sales),Full Time,Niger
Purchase Data Entry Officer,Full Time,Lagos
Data Entry Operator,Full Time,Bauchi
Data Entry Analyst,Full Time,Lagos
Reverse Engineering - Data,Full Time,Lagos
Data Analyst,Full Time,Abuja
Shift Data Executive,Full Time,Lagos
Data Analyst,Full Time,Lagos
Data Engineer,Full Time,
Data Entry Analyst,Full Time,Lagos
Senior Data Analytics Executive,Full Time,Lagos
Junior Data Entry Analyst,Full Time,Lagos
Business Data Analyst,Full Time,Lagos
MIS Data Analyst,Full Time,Lagos
"Senior Data Scientist, Health Tech",Full Time Remote,
Social Media / Data Officer,Full Time,Lagos
Data Analyst,Full Time,Ondo
Data Analyst,Full Time,Lagos
Senior Data Scientist - Underwriting,Full Time,
Senior Data Specialist,Full Time,
MIS Data Analyst,Full Time,Lagos
Data Warehouse Developer,Contract Full Time,Lagos
Data Officer,Full Time,Lagos
Data Entry Clerk,Full Time,Lagos
Consultant for Data Entry and Validation on the GF NAHI grant in Taraba State,Full Time,Taraba
E-Commerce Data Analyst,Full Time,Lagos
Business Data Analyst,Full Time,Lagos
Data Analytics Instructor,Full Time,Lagos
Data Collector,Full Time,Nigeria
Consultants - Capacity Building on Advanced Epidemiological Data Analysis,Full Time,
"Team Member, Data Warehouse & Analytics",Full Time,Lagos
Packaging Data Capture Clerk,Full Time,Rivers
"Senior Technical Advisor, Analytics & Data",Full Time,Adamawa
Data Intern,Full Time,Abuja
SMC End of Cycle Data Collectors,Full Time,"Abuja , Oyo"
Senior Data Analyst,Full Time,Lagos
Maintenance Data Capture Clerk,Full Time,Lagos
Data Engineer,Full Time,Lagos
Data Analyst,Full Time,Lagos
Maintenance Data Capture Clerk,Full Time,Rivers
Data Centre Management Engineer,Full Time,Lagos
"Senior Data Scientist, Health Technology",Full Time,Lagos
Data Scientist,Full Time,Lagos
"Data Analyst, Nigeria Monitoring Project",Full Time,
"Data Analyst, Nigeria Monitoring Project",Full Time,Lagos
Data Visualisation Analyst,Full Time,
Data Analyst,Full Time,Lagos
Data Entry Officer,Full Time,Lagos
Sales Specialist - Cloud and Data Service,Full Time,Lagos
Data Entry Operator,Full Time,Lagos
Data Center Design Specialist,Full Time,Lagos
Data Entry Intern (NYSC),Full Time,Lagos
Data Scientist(Remote),Full Time Remote,
Data Systems and Student Performance Specialist,Full Time,"Bauchi , Sokoto"
Senior Data Base Systems Advisor,Full Time,Lagos
Data Collector,Full Time,
Data Entry Assistant,Full Time,Edo
Data Analyst,Full Time,Lagos
Cloud Solution Architect - Azure Data & AI,Full Time,Lagos
Data Centre Support Engineer,Full Time,Lagos
Data Analysis Instructors,Full Time,Abuja
Compliance Risk Management Officer - West Africa Data Protection Officer (DPO),Full Time,Lagos
Data Entry Assistant,Full Time,Lagos
"Senior Technical Advisor, Analytics & Data",Full Time,Adamawa
Data Scientist,Full Time,Lagos
Data Analyst,Full Time Remote,Lagos
Data Quality Specialist,Full Time,Edo
Data Engineers,Contract Full Time Remote,Lagos
Senior Data Systems Advisor,Full Time,Abuja
Data Analyst,Full Time,Borno
Data Manager,Full Time,Kaduna
Data and Information Management Consultant - Wash Section,Full Time,Lagos
"Head, Data Analytics",Full Time,Lagos
Customer Address Verification (CAV) Data Collector,Full Time,Nigeria
Consultant - Research Data Scientist,Full Time,
"Senior Managing Consultant, Advisors Client Services, Data & Services",Full Time,Lagos
MIS Data Analyst,Full Time,Lagos
Food Security and Agricultural Livelihoods Assessment Data Analyst,Full Time,Lagos
Data Intern,Full Time,Lagos
Data Analyst,Full Time,Lagos
Data Cleansing Analyst,Full Time,Lagos
Senior Statistician and Data Analyst,Full Time,Lagos
Data Analyst,Full Time,Taraba
Data Centre Support Engineer,Full Time,Lagos
Data Analyst,Full Time,Lagos
Data Engineer,Full Time,Lagos
Data Analyst,Full Time,Lagos
Responsible Data Officer,Full Time,
Clinical Data Lead,Full Time,Lagos
Migration Health Intern (Data)(Abuja),Full Time,Abuja
Migration Health Intern (Data) (Lagos),Full Time,Lagos
Senior Data Analytics Manager,Full Time,Lagos
Head of Data Science,Full Time Remote,
Data Center Infrastucture Manager,Full Time,
Data Clerk (ACHIEVE Project),Full Time,Abuja
Vulnerability Analysis & Mapping Officer (Data Scientist),Full Time,Abuja
"Manager, Data Analytics and Visualization",Full Time,Lagos
Data-Entry Of Accounting Data,Contract Full Time,Lagos
Sales Data Analyst,Full Time,Lagos
Data Scientist,Full Time,Lagos
Data Processing Officer,Full Time,Lagos
Customer Data Analyst,Full Time,Delta
Data and R Specialist,Full Time,Abuja
Lead Project Manager - Data Centres,Full Time,Lagos
Senior Data Scientist (FinTech - Unsecured Loans),Full Time,Lagos
Inventory Data Analyst,Full Time,Nigeria
Data Analyst,Full Time,Lagos
Data Analyst,Full Time,Kebbi
"Research, Statistics, & Data Management Officer",Full Time,Ebonyi
"Lead, Exploration and Scouting, Digitalisation & Data",Full Time,Lagos
Data Scientist - Data Architect and Report Building,Full Time,Lagos
Data Protection and Technology Risk Officer,Full Time,Lagos
Data Scientist - Modelling & Customer Profiling,Full Time,Lagos
Data Entry Executive,Full Time,Lagos
Senior Project Assistant (AVRR/Data & Policy),Full Time,Abuja
Data Collector (Part time),Part Time,Lagos
Data Collector,Full Time,Lagos
Data Analyst,Full Time,Lagos
"Global Lead, Data, Analysis and Planning",Full Time Remote,Abia
Data Engineering- Lead Trainer,Full Time Remote,Lagos
Data Analyst Lead Trainer,Full Time Remote,Lagos
Data Analyst,Full Time,Lagos
"Head, Business Development for Data Solutions",Full Time,Lagos
Data Engineer,Full Time,Abuja
Computer/Data Processing Teacher,Full Time,Ondo
Data Centre Supervisor,Full Time,Lagos
Data Engineer,Full Time Remote Hybrid,Lagos
Software Engineer - Data Infrastructure - OpenSearch / ElasticSearch,Full Time Remote,Lagos
Data Entry Officer,Full Time,Akwa Ibom
Data Analyst,Full Time,Lagos
AI Data Analyst,Full Time,Lagos
Data Center Planning and Projects Engineer,Full Time,Lagos
Data Analysis Instructor,Full Time,Abuja
Data Engineer (Mid-level to Senior-level),Full Time,Lagos
Data Analyst (Mid-level to Senior-level),Full Time,Lagos
ICLA Data Officer,Full Time,Adamawa
Data Engineer,Full Time,Taraba
Data Analyst,Full Time,Kaduna
Data Collection Assistant,Full Time,Lagos
Data Quality Assurance (DQA) Officer,Full Time,Zamfara
Data Entry Assistant,Full Time,
Data Center Operations Engineer,Full Time,Lagos
Senior Data Engineer,Full Time Remote,Lagos
Entry Level Data Analyst,Full Time,Lagos
"Team Lead, Geospatial Data Architect",Full Time,Lagos
Data & Research Analyst,Full Time,Lagos
"Lead, Data and Business Intelligence",Full Time,Lagos
Data Entry Officer,Full Time,Abuja
Data Analyst,Full Time,Abuja
Data Analyst,Full Time,Lagos
Data Science Intern,Full Time,Lagos
Data Analytics Officer,Full Time,Abuja
Data Analyst,Full Time,Abuja
Data Analyst,Full Time,Lagos
"Data and Measurement Lead, Large Customer Sales (English)",Full Time,Lagos
"Team Lead, Data Science",Full Time,Lagos
Data Protection and Management Supervisor,Full Time,Lagos
Data Scientist,Full Time,Lagos
Data and Logistics Systems Manager,Full Time,Lagos
Session Lead (External Contractor) - Data Analyst Nanodegree,Full Time Remote,
Freelance Data Analyst,Part Time,Lagos
"Team Lead, Data Engineer",Full Time,Lagos
Data Collector,Contract Full Time,Nigeria
Data Analyst,Full Time,Lagos
Data Protection Officer,Full Time,Lagos
Data Analyst,Full Time,Lagos
Data Engineer,Full Time,Lagos
Data Engineer,Full Time,Lagos
"Senior Technical Advisor, Analytics and Data",Full Time,Adamawa
"Senior Technical Advisor, Analytics and Data",Full Time,Adamawa
"Statistical Assistant (Data Input, Analysis and Reporting) - Short Term Staff (STS)",Full Time,
"Specialist, Enterprise Support Services (Big Data)",Full Time,Lagos
Digitization and Data Entry Officer,Full Time,
Data Entry Officer (Adhoc),Full Time,Lagos
Data Scientist,Full Time,
"Senior Academic Cloud Advocate - Modern Workplace, Data Science and AI",Full Time,
Senior Data Scientist,Full Time,Lagos
Senior Data Engineer,Full Time,Lagos
Card Data Operations Officer,Full Time,Lagos
"Senior Engineer, Data Carrier Operations",Full Time,Lagos
Data Entry Intern,Full Time,Abuja
Data Analyst,Full Time,Abuja
Data Analytics & Research Officer,Full Time,Lagos
Data Analyst,Full Time,Lagos
Data Analyst - Nigeria IHP,Full Time,Abuja
"Senior Managing Consultant, Advisors Client Services, Data & Services",Full Time,Rivers
Data Analyst,Full Time,Lagos
Data Entry Clerk,Full Time,Borno
IT Instructor (Data Science),Full Time,Lagos
Data Entry Officer,Full Time,Abuja
Data Analytics Manager - Risk Advisory,Full Time,Lagos
Deloitte Nigeria Graduate Academy - Data Analytics & AI Programme 222,Full Time,Lagos
Data Analyst,Full Time,Lagos
Data Analyst,Full Time Remote,Lagos
"Business and Quality Specialist, Data.FI",Full Time,Abuja
Data Entry Officer (Female),Full Time,Oyo
Data Scientist,Full Time,Lagos
Data Analyst,Full Time,Lagos
NEST Data Clerk,Full Time,Lagos
Data Analyst,Full Time,Lagos
Data Governance Analyst,Full Time,Lagos
Data Technician,Full Time,Lagos
FSE Data Strategy Lead,Full Time,Abuja
Data Entry Intern,Full Time,Lagos
Data Manager,Full Time,
Quantitative Data Analyst,Full Time,
Qualitative Data Coder / Entry Personnel,Full Time,Lagos
Quantitative Data Coder / Entry Personnel,Full Time,
"Data Analyst, Nigeria IHP",Full Time,"Bauchi , Kebbi , Sokoto"
GIS Data Collector,Contract Full Time,Lagos
Data Entry Clerks,Full Time,Lagos
Data Entry Intern (NYSC Only),Full Time,Lagos
SFA / Sales Data Analyst,Full Time,Abuja
Data Manager & Analyst,Full Time,Abuja
Data Entry Technician,Full Time,Lagos
Data Scientist,Full Time,Lagos
Data Analyst (Fintech),Full Time,Abuja
Researcher / Data Entry,Full Time,Lagos
Data Center Facility & HSE Coordinator,Full Time,
Data Center Facility / BMS Engineer (Level 2),Full Time,
Data Technician,Full Time,Lagos
Data and Insights Manager,Full Time,Lagos
Python Data Scientist,Full Time,Abuja
Data Entry Officer,Full Time,Lagos
Data Scientist,Full Time,Lagos
Senior Data Engineer,Full Time,Lagos
Data Center Power System Technician,Full Time,Abuja
Data Entry Operator - RANN,Full Time,Borno
Data Analyst,Full Time,Lagos
Data Analyst,Full Time,Lagos
Senior Data Engineer,Full Time,Lagos
Lead Data Engineer,Full Time,Rivers
Data Analytics Developer,Full Time,Rivers
Senior Data Analytics Developer,Full Time,Rivers
Data Analyst,Full Time,Rivers
Senior Data Analyst II,Full Time,Rivers
Senior Data Analyst I,Full Time,Lagos
Senior Data Analyst,Full Time,Lagos
Data Analyst,Full Time,
Data Entering Officer,Full Time,Lagos
Data Analyst,Full Time,Lagos
Data Entry Clerk,Full Time,
"Senior Account Manager, Data and Mobile Services",Full Time,Lagos
"Data and Measurement Lead, Large Customer Sales (English)",Full Time,Lagos
Data Entry Clerks,Full Time,Lagos
Data Analyst,Full Time,Lagos
Data Scientist,Full Time,Lagos
"Senior Legal Counsel, Data Privacy & Cybersecurity ( EMEA Region)",Full Time,Lagos
Data Analyst,Full Time,Lagos
Football Data Scout,Contract Part Time,Lagos
Data Entry Officer,Full Time,Lagos
"Product Operations Manager - Airtime, Bill Payments & Data Bundles",Full Time,
"Senior Product Operations Analyst - Airtime, Bill Payments & Data Bundles",Full Time,
222 GT Program - Data Center Track,Full Time,Lagos
Data Analyst (IHP Nigeria),Full Time,Abuja
Data Collector,Contract Full Time,Lagos
National Data Manager - NOB,Full Time,Abuja
Operations Data Analyst,Full Time,Lagos
Data Analytics Developer,Full Time,
Data Analyst,Full Time,Rivers
"Data and Measurement Lead, Large Customer Sales",Full Time,Lagos
Data Entering Officer,Full Time,Lagos
Data Entry Assistant,Full Time,Lagos
Data Analyst,Full Time,Lagos
Data ML Engineer,Full Time,Lagos
Data Entry Assistant,Full Time,Rivers
Data Analyst - Northern Nigeria Flour Mills,Full Time,Rivers
Data-Driven Credit Collections Lead,Full Time,Lagos
Data Analyst,Full Time,Abuja
Computer Operator (Data Processing Officer) - CONTISS 6,Full Time,Rivers
NFWP Data Analyst Consultant,Full Time,Abuja
HIVST Qualitative Data Collector,Full Time,Lagos
Data Management Officer,Full Time,Abuja
"Big Data Engineer (Databricks, SQL, Hadoop, Python, Pyspark, Kafka)",Full Time,Lagos
Data Analyst,Full Time,Lagos
Data Analyst,Full Time,Lagos
Data Researcher (Intern),Full Time,Lagos
Data Governance Analyst,Full Time,Lagos
Data Engineer,Full Time,Lagos
Data Analyst,Full Time,Lagos
Data Manager,Full Time,Ondo
Data Analyst for Shelter Research,Full Time,Lagos
Data Transcriber,Contract Full Time,Lagos
"Instructors for Data Analysis, Graphic Design, Web Development & Cybersecurity",Full Time,Lagos
Data Manager,Contract Full Time,Lagos
"Team Lead, Data Insights",Full Time,Ogun
Data Analyst,Full Time,Lagos
Data Scientist,Full Time,Lagos
PPP Research Analyst,,
Financial Analyst,,
Senior Cost Analyst,,
"Associate Principal ,Credit Analyst",,
"Associate Principal ,Credit Analyst",,
"Associate Principal ,Credit Analyst",,
